"MachineId";"MachineName";"MachineYear";"Manufacturer"
2694;"Rob Zombie's Spookshow International (LE)";2016;"Spooky Pinball"
676;"Pirates of the Caribbean";2006;"Stern"
1968;"Challenger";1971;"Gottlieb"
1679;"City Slicker";1987;"Bally"
727;"Flash Gordon";1980;"Bally"
872;"Pinball Champ";1982;"Zaccaria"
1193;"Surfer";1976;"Gottlieb"
1029;"Target Pool";1969;"Gottlieb"
2478;"Catacomb";1981;"Stern"
729;"Corvette";1994;"Bally"
1555;"Hayburners";1951;"Williams"
938;"Flying Circus";1961;"Gottlieb"
1400;"Panthera";1980;"Gottlieb"
963;"Escape from the Lost World";1987;"Bally"
918;"Knockout";1974;"Bally"
2766;"Grand Prix";2005;"Stern"
1089;"The Rolling Stones";2011;"Stern"
1782;"Super Soccer";1975;"Gottlieb"
984;"Night Moves";1989;"Gottlieb"
670;"Demolition Man";1994;"Williams"
1108;"Fireball Classic";1984;"Bally"
1989;"Miss-O";1969;"Williams"
1676;"Wipe Out";1993;"Gottlieb"
3126;"Black Knight: Sword of Rage (Pro)";2019;"Stern"
1278;"Transporter the Rescue";1989;"Bally"
833;"Black Jack";1976;"Bally"
2647;"Torpedo Alley";1988;"Data East"
1312;"Big Ben";1975;"Williams"
663;"Spider-Man";2007;"Stern"
2359;"Flipper Cowboy";1962;"Williams"
2631;"Bullfight";1964;"Bally"
2878;"Close Encounters of the Third Kind (EM)";1978;"Gottlieb"
1463;"Monte Carlo";1987;"Gottlieb"
665;"The Champion Pub";1998;"Bally"
1042;"Prospector";1977;"Sonic"
2541;"Fast Draw";1975;"Gottlieb"
2525;"Teacher's Pet";1965;"Williams"
1119;"NFL";2001;"Stern"
853;"The Six Million Dollar Man";1978;"Bally"
907;"Star Trek";1978;"Bally"
771;"Triple Action";1974;"Williams"
822;"Royal Flush";1976;"Gottlieb"
1183;"Hollywood";1976;"Chicago Coin"
2626;"Bowl A Strike";1965;"Williams"
1410;"Dungeons and Dragons";1987;"Bally"
1247;"Phantom of the Opera";1990;"Data East"
1455;"Cleopatra";1977;"Gottlieb"
2575;"Strike Zone";1970;"Williams"
848;"Silverball Mania";1978;"Bally"
866;"Olympics";1962;"Gottlieb"
2521;"Show Boat";1961;"Gottlieb"
2324;"Whoa Nellie! Big Juicy Melons";2015;"Stern"
1964;"Big Flipper";1970;"Chicago Coin"
976;"Operation Thunder";1992;"Gottlieb"
2315;"Hot Shot";1973;"Gottlieb"
1888;"Star Trek (Enterprise LE)";2013;"Stern"
992;"Cherry Bell";1978;"Sonic"
1170;"Loop the Loop";1965;"Bally"
823;"Aztec";1976;"Williams"
1076;"Nine Ball";1980;"Stern"
2006;"Buckaroo";1965;"Gottlieb"
1084;"Super Score";1967;"Gottlieb"
2068;"Flying Chariots";1963;"Gottlieb"
2883;"Lady Luck";1968;"Williams"
1210;"Beat Time";1967;"Williams"
1013;"Sweet Add-a-Line";1955;"Gottlieb"
2895;"Lectronamo";1978;"Stern"
2608;"Space Odyssey";1976;"Williams"
975;"Jumpin Jack's";1963;"Williams"
1032;"4 Square";1971;"Gottlieb"
972;"Fireball";1976;"Bally"
2091;"America's Most Haunted";2014;"Spooky Pinball"
1783;"Sea Ray";1970;"Bally"
1591;"Metallica (Pro)";2013;"Stern"
1077;"Super Mario Bros.";1992;"Gottlieb"
940;"Circus";1973;"Bally"
1582;"Top Score";1975;"Gottlieb"
1060;"Car Hop";1991;"Gottlieb"
858;"Viper Night Drivin";1998;"Sega"
1579;"Far Out";1974;"Gottlieb"
2589;"Flipper Fair";1961;"Gottlieb"
1091;"Disco Fever";1978;"Williams"
1111;"Chicago Cubs ""Triple Play""";1985;"Gottlieb"
793;"Grand Prix";1976;"Williams"
1398;"Roller Coaster";1971;"Gottlieb"
1554;"Arena";1987;"Gottlieb"
1962;"Aquarius";1970;"Gottlieb"
677;"Radical!";1990;"Bally"
2599;"Excalibur";1988;"Gottlieb"
683;"South Park";1999;"Sega"
1433;"Spider-Man Black";2007;"Stern"
2203;"The Walking Dead (Pro)";2014;"Stern"
2007;"Big Daddy";1963;"Williams"
660;"The Getaway: High Speed II";1992;"Williams"
2550;"Gladiator";1956;"Gottlieb"
908;"Space Invaders";1979;"Bally"
857;"Breakshot";1996;"Capcom"
648;"Scared Stiff";1996;"Bally"
2214;"The Walking Dead (LE)";2014;"Stern"
1205;"Flip a Card";1970;"Gottlieb"
1675;"Scuba";1970;"Gottlieb"
808;"Future Spa";1979;"Bally"
1242;"Class of 1812";1991;"Gottlieb"
1018;"Flipper Parade";1961;"Gottlieb"
1976;"Op-Pop-Pop";1968;"Bally"
903;"Millionaire";1987;"Williams"
2624;"Dragon";1977;"Interflip"
877;"Super Star";1972;"Williams"
2834;"Dialed In! (LE)";2017;"Jersey Jack"
2875;"Guardians of the Galaxy (Pro)";2017;"Stern"
1436;"The Avengers Hulk";2012;"Stern"
691;"Jurassic Park";1993;"Data East"
1794;"Ice Fever";1985;"Gottlieb"
777;"Barb Wire";1996;"Gottlieb"
1505;"Lights...Camera...Action!";1989;"Gottlieb"
2627;"Moon Shot";1963;"Bally"
2248;"Varkon";1982;"Williams"
2236;"Fireball";1971;"Bally"
1798;"Disco";1977;"Stern"
1998;"World Cup";1978;"Williams"
781;"Police Force";1989;"Williams"
2230;"Toledo";1975;"Williams"
2714;"RockMakers";1967;"Bally"
2717;"Aerobatics";1977;"Zaccaria"
1068;"Space Shuttle";1984;"Williams"
2728;"Batman 66 (LE)";2016;"Stern"
2556;"The Walking Dead (Premium)";2015;"Stern"
2565;"Spider-Man (Vault Edition)";2016;"Stern"
2845;"Star Wars (LE)";2017;"Stern"
709;"Harley-Davidson (3rd Edition)";2002;"Stern"
1624;"Metallica (Master of Puppets - LE)";2013;"Stern"
2772;"Aerosmith (Premium)";2017;"Stern"
2773;"Aerosmith (LE)";2017;"Stern"
2876;"Guardians of the Galaxy (Premium)";2017;"Stern"
2877;"Guardians of the Galaxy (LE)";2017;"Stern"
2688;"Rob Zombie's Spookshow International";2016;"Spooky Pinball"
1606;"Metallica (Premium)";2013;"Stern"
1335;"X-Men Wolverine (LE)";2012;"Stern"
1983;"Target Roll";1957;"Bally"
1777;"Bonanza";1947;"Williams"
666;"High Roller Casino";2001;"Stern"
794;"Hokus Pokus";1975;"Bally"
776;"Cyclone";1988;"Williams"
758;"Time Machine";1988;"Data East"
804;"Wizard!";1975;"Bally"
687;"The Addams Family";1992;"Bally"
757;"Solar City";1977;"Gottlieb"
2374;"Surf Side";1967;"Gottlieb"
769;"SlugFest";1991;"Williams"
998;"Baffle Ball";1931;"Gottlieb"
1000;"Silver Sails";1962;"Bally"
1001;"Manhattan";1948;"United"
2370;"Rock Star";1978;"Gottlieb"
993;"Super Straight";1977;"Sonic"
3127;"Black Knight: Sword of Rage (Premium)";2019;"Stern"
696;"Playboy";2002;"Stern"
1007;"Mystic Marvel";1954;"Gottlieb"
3173;"Rawhide";1977;"Stern"
747;"Dale Jr.";2007;"Stern"
736;"Cirqus Voltaire";1997;"Bally"
732;"Black Rose";1992;"Bally"
987;"Night Rider (EM)";1976;"Bally"
799;"Cactus Jack's";1991;"Gottlieb"
664;"Family Guy";2006;"Stern"
792;"Expressway";1970;"Bally"
661;"Doctor Who";1992;"Bally"
770;"Popeye Saves the Earth";1994;"Bally"
801;"Triple Strike";1975;"Williams"
807;"Riverboat Gambler";1990;"Williams"
751;"F-14 Tomcat";1987;"Williams"
778;"Lost World";1977;"Bally"
1009;"Gold Star";1954;"Gottlieb"
789;"Surf Champ";1976;"Gottlieb"
873;"Avatar";2010;"Stern"
2257;"Melody";1967;"Gottlieb"
785;"Kiss";1978;"Bally"
671;"Haunted House";1982;"Gottlieb"
760;"The Bally Game Show";1990;"Bally"
812;"The Simpsons";1990;"Data East"
1573;"Skylab";1974;"Williams"
783;"Evel Knievel";1976;"Bally"
2366;"Hearts and Spades";1969;"Gottlieb"
2233;"Butterfly";1977;"Sonic"
673;"Independence Day";1996;"Sega"
780;"Pool Sharks";1990;"Bally"
2377;"Diamond Jack";1967;"Gottlieb"
810;"Rescue 911";1994;"Gottlieb"
774;"Godzilla";1998;"Sega"
739;"Hurricane";1991;"Williams"
2372;"Capt. Card";1974;"Gottlieb"
2368;"Spacelab";1974;"Williams"
3128;"Black Knight: Sword of Rage (LE)";2019;"Stern"
2431;"Kiss (LE)";2015;"Stern"
645;"The Sopranos";2005;"Stern"
832;"Time Zone";1972;"Bally"
678;"Revenge from Mars";1999;"Bally"
2433;"Mars God of War";1981;"Gottlieb"
728;"Spy Hunter";1984;"Bally"
658;"Indianapolis 500";1995;"Bally"
820;"Seawitch";1980;"Stern"
713;"Tales from the Crypt";1993;"Data East"
2421;"TX-Sector";1988;"Gottlieb"
2392;"Foxy Lady";1978;"Game Plan"
835;"Count-Down";1979;"Gottlieb"
1147;"Transformers (Pro)";2011;"Stern"
699;"World Poker Tour";2006;"Stern"
2396;"Lucky Strike";1965;"Williams"
694;"Star Wars";1992;"Data East"
708;"Star Wars Episode 1";1999;"Williams"
712;"Star Trek";1991;"Data East"
720;"Whirlwind";1990;"Williams"
851;"Meteor";1979;"Stern"
680;"Red & Ted's Road Show";1994;"Williams"
653;"Indiana Jones";2008;"Stern"
730;"Big Game";1980;"Stern"
1498;"Soccer";1975;"Gottlieb"
706;"Sharkey's Shootout";2000;"Stern"
1508;"Bonanza";1964;"Gottlieb"
651;"Indiana Jones: The Pinball Adventure";1993;"Williams"
841;"Devil Riders";1984;"Zaccaria"
837;"Mystic";1979;"Bally"
2395;"Pharaoh";1981;"Williams"
692;"Ripley's Believe It or Not!";2003;"Stern"
701;"Shrek";2008;"Stern"
2386;"Strange World";1978;"Gottlieb"
715;"Congo";1995;"Williams"
756;"Jack-Bot";1995;"Williams"
824;"Frontier";1980;"Bally"
690;"The Flintstones";1994;"Williams"
855;"Stars";1978;"Stern"
1006;"Grand Slam ('53)";1953;"Gottlieb"
796;"Embryon";1981;"Bally"
641;"Monster Bash";1998;"Williams"
1003;"Cyclone (EM)";1951;"Gottlieb"
773;"Harley-Davidson";1999;"Sega"
646;"Johnny Mnemonic";1995;"Williams"
717;"Mars Trek";1977;"Sonic"
867;"Dracula";1979;"Stern"
642;"Medieval Madness";1997;"Williams"
685;"Stargate";1995;"Gottlieb"
711;"Austin Powers";2001;"Stern"
725;"Bad Girls";1988;"Gottlieb"
990;"Al's Garage Band Goes On a World Tour";1992;"Alvin G"
830;"Fun Land";1968;"Gottlieb"
827;"Road Kings";1986;"Williams"
702;"Earthshaker";1989;"Williams"
847;"Strikes and Spares";1977;"Bally"
656;"Elvira and the Party Monsters";1989;"Bally"
2418;"Jive Time";1970;"Williams"
697;"Twilight Zone";1993;"Bally"
860;"Hot-Rods";1949;"Bally"
942;"Goofy";1932;"Bally"
1216;"Target Gallery";1962;"Midway"
896;"Spectrum";1981;"Bally"
1019;"Bowling Queen";1964;"Gottlieb"
1168;"Fiesta";1976;"Playmatic"
947;"Heat Wave";1964;"Williams"
862;"Mademoiselle";1959;"Gottlieb"
897;"Paragon";1978;"Bally"
1849;"Pop-A-Card";1972;"Gottlieb"
1037;"Big Brave";1974;"Gottlieb"
900;"Eight Ball";1977;"Bally"
965;"Motordome";1986;"Bally"
939;"Big Top";1964;"Gottlieb"
1035;"Winner";1972;"Williams"
1026;"Cross Town";1966;"Gottlieb"
1160;"El Dorado";1975;"Gottlieb"
935;"World Fair";1964;"Gottlieb"
885;"Checkpoint";1991;"Data East"
954;"Goldeneye";1996;"Sega"
982;"Jacks to Open";1984;"Gottlieb"
944;"Split Second";1981;"Stern"
1207;"Safe Cracker";1996;"Bally"
1040;"Dealer's Choice";1974;"Williams"
892;"Target Alpha";1976;"Gottlieb"
937;"Flight 2000";1980;"Stern"
923;"Striker Xtreme";2000;"Stern"
1215;"Space Ship ";1961;"Williams"
865;"Sing Along";1967;"Gottlieb"
1200;"Space Station";1987;"Williams"
979;"Twin Win";1971;"Bally"
1021;"Egg Head";1961;"Gottlieb"
1213;"Marble Queen";1953;"Gottlieb"
887;"Freddy: A Nightmare on Elm Street";1994;"Gottlieb"
916;"Robocop";1989;"Data East"
1217;"Magic";1979;"Stern"
3174;"Cue";1982;"Stern"
889;"Caveman";1982;"Gottlieb"
926;"Pinball (SS)";1977;"Stern"
931;"Spin Out";1975;"Gottlieb"
1179;"Transformers (LE)";2011;"Stern"
1204;"Pioneer";1976;"Gottlieb"
1016;"World Champ";1957;"Gottlieb"
906;"Jack in the Box";1973;"Gottlieb"
871;"Sharpshooter";1979;"Game Plan"
968;"Air Aces";1974;"Bally"
869;"Orbitor 1";1982;"Stern"
991;"Solids N Stripes";1971;"Williams"
1031;"2001";1971;"Gottlieb"
977;"Smart Set";1969;"Williams"
962;"Skateball";1980;"Bally"
882;"Baywatch";1995;"Sega"
1023;"Majorettes";1964;"Gottlieb"
1028;"Bank-A-Ball";1965;"Gottlieb"
1180;"Jumping Jack";1973;"Gottlieb"
928;"Hang Glider";1976;"Bally"
1219;"AC/DC (Pro)";2012;"Stern"
1166;"Mazuma";1937;"Pacific"
1526;"Moon Flight";1976;"Zaccaria"
1407;"Morocco";1948;"ESCO"
1134;"Touchdown";1967;"Williams"
719;"The Party Zone";1991;"Bally"
1096;"Black Pyramid";1984;"Bally"
1337;"X-Men (Pro)";2012;"Stern"
1182;"Doozie";1968;"Williams"
1450;"Big Bang Bar";1996;"Capcom"
1377;"West Club";1967;"Rally"
1454;"King Tut";1969;"Bally"
1070;"Dragonfist";1982;"Stern"
1155;"Elektra";1981;"Bally"
1405;"Big Shot";1973;"Gottlieb"
1198;"Card Whiz";1976;"Gottlieb"
1079;"Genesis";1986;"Gottlieb"
1507;"4 Roses";1962;"Williams"
1456;"Ali";1980;"Stern"
1430;"The Avengers (Pro)";2012;"Stern"
1086;"Playball";1971;"Gottlieb"
1194;"Pyramid";1978;"Gottlieb"
1171;"Flipper Football";1996;"Capcom"
1065;"Space Time";1972;"Bally"
1169;"Jolly Roger";1967;"Williams"
1196;"Joust";1983;"Williams"
1109;"Blackout";1980;"Williams"
994;"Strato-Flite";1974;"Williams"
1444;"Devil's Dare";1982;"Gottlieb"
1062;"Buck Rogers";1980;"Gottlieb"
1067;"Mystery Castle";1993;"Alvin G"
1173;"Faces";1976;"Sonic"
1047;"Tri Zone";1979;"Williams"
1101;"Pistol Poker";1993;"Alvin G"
1181;"Mr. & Mrs. Pac-Man";1982;"Bally"
1513;"Slick Chick";1963;"Gottlieb"
1163;"Bow & Arrow";1974;"Bally"
1495;"Medusa";1981;"Bally"
1522;"Wild Life";1972;"Gottlieb"
1049;"Time Warp";1979;"Williams"
1112;"Sinbad";1978;"Gottlieb"
1057;"Stellar Wars";1979;"Williams"
1103;"Special Force";1986;"Bally"
1511;"Joker";1950;"Gottlieb"
1470;"The Avengers (LE)";2012;"Stern"
1466;"Blast Off";1967;"Williams"
1054;"Firepower II";1983;"Williams"
1296;"AC/DC (Premium)";2012;"Stern"
1117;"Mario Andretti";1995;"Gottlieb"
1164;"4 Million BC";1970;"Bally"
1509;"Corral";1961;"Gottlieb"
1192;"Kismet";1961;"Williams"
1157;"Charlie's Angels";1978;"Gottlieb"
1139;"Ballerina";1948;"Bally"
1408;"The Rolling Stones (LE)";2011;"Stern"
1481;"X-Men Magneto (LE)";2012;"Stern"
1291;"Night Club";1956;"Bally"
1235;"Upper Deck";1973;"Williams"
1562;"Rocket";1933;"Bally"
1269;"Gulfstream";1973;"Williams"
1249;"Surf 'N Safari";1991;"Gottlieb"
693;"Wheel of Fortune";2007;"Stern"
649;"CSI";2008;"Stern"
1381;"Solar Ride";1979;"Gottlieb"
704;"WHO Dunnit";1995;"Bally"
1277;"Hayburners II";1968;"Williams"
1276;"Shaq Attaq";1995;"Gottlieb"
1553;"El Dorado City of Gold";1984;"Gottlieb"
1289;"New York";1976;"Gottlieb"
644;"No Good Gofers";1997;"Williams"
672;"High Speed";1986;"Williams"
650;"Tales of the Arabian Nights";1996;"Williams"
1362;"Middle Earth";1978;"Atari"
647;"Creature from the Black Lagoon";1992;"Bally"
662;"Lord of the Rings";2003;"Stern"
1397;"Golden Arrow";1977;"Gottlieb"
782;"Baby Pac-Man";1982;"Bally"
1252;"The Lost World Jurassic Park";1997;"Sega"
667;"Terminator 3: Rise of the Machines";2003;"Stern"
675;"No Fear: Dangerous Sports";1995;"Williams"
686;"Terminator 2: Judgment Day";1991;"Williams"
1245;"Hula-Hula";1965;"Chicago Coin"
1305;"Viking";1979;"Bally"
657;"NBA Fastbreak";1997;"Bally"
1294;"Batman";1991;"Data East"
695;"Junk Yard";1996;"Williams"
1087;"Rolling Stones";1979;"Bally"
654;"Fish Tales";1992;"Williams"
1241;"Blackwater 100";1988;"Bally"
688;"Theatre of Magic";1995;"Bally"
669;"Batman Forever";1995;"Sega"
674;"King Pin";1973;"Gottlieb"
698;"Monopoly";2001;"Stern"
684;"Star Trek: The Next Generation";1993;"Williams"
681;"The Shadow";1994;"Bally"
1327;"Skill Pool";1963;"Williams"
1373;"Pat Hand";1975;"Williams"
1320;"Old Coney Island";1979;"Game Plan"
1387;"300";1975;"Gottlieb"
689;"White Water";1993;"Williams"
1263;"Abra Ca Dabra";1975;"Gottlieb"
1536;"The Spirit of 76";1975;"Gottlieb"
655;"Black Knight 2000";1989;"Williams"
703;"Funhouse";1990;"Williams"
1237;"Sky Jump";1974;"Gottlieb"
700;"Guns 'N Roses";1994;"Data East"
1546;"Granny and the Gators";1984;"Bally"
659;"Bram Stoker's Dracula";1993;"Williams"
1287;"River Boat";1964;"Williams"
679;"RollerCoaster Tycoon";2002;"Stern"
682;"The Simpsons Pinball Party";2003;"Stern"
791;"Space Mission";1976;"Williams"
772;"Little League";1966;"Midway"
811;"Ticket Tac Toe";1996;"Williams"
828;"Bumper";1936;"Bally"
818;"Scorpion";1980;"Williams"
755;"The Adventures of Rocky and Bullwinkle and Friends";1993;"Data East"
738;"Dr. Dude";1990;"Bally"
825;"Nugent";1978;"Stern"
809;"Dolly Parton";1978;"Bally"
759;"Big Buck Hunter Pro";2009;"Stern"
740;"Pinball Magic";1995;"Capcom"
765;"Diner";1990;"Williams"
831;"Stardust";1971;"Williams"
721;"The Who's Tommy Pinball Wizard";1994;"Data East"
815;"Judge Dredd";1993;"Bally"
733;"24";2009;"Stern"
813;"Centaur";1981;"Bally"
722;"Cue Ball Wizard";1992;"Gottlieb"
724;"The X Files";1997;"Sega"
788;"Speakeasy";1982;"Bally"
1868;"Hotdoggin'";1979;"Bally"
768;"Lethal Weapon 3";1992;"Data East"
1376;"North Star";1964;"Gottlieb"
826;"Truck Stop";1988;"Bally"
786;"The Incredible Hulk";1977;"Gottlieb"
710;"Star Wars Trilogy";1997;"Sega"
750;"Swords Of Fury";1988;"Williams"
707;"World Cup Soccer";1994;"Bally"
819;"Ready...Aim...Fire!";1983;"Gottlieb"
829;"Rack-A-Ball";1962;"Gottlieb"
705;"NASCAR";2005;"Stern"
767;"Street Fighter II";1993;"Gottlieb"
2244;"Blue Max";1975;"Chicago Coin"
817;"Atlantis";1989;"Bally"
752;"Comet";1985;"Williams"
744;"Mousin' Around!";1989;"Bally"
753;"Lost In Space";1998;"Sega"
779;"Taxi";1988;"Williams"
797;"Spanish Eyes";1972;"Williams"
3131;"Golden Cue";1998;"Sega"
802;"Jokerz";1988;"Williams"
716;"Dirty Harry";1995;"Williams"
805;"Sure Shot";1976;"Gottlieb"
775;"Space Jam";1996;"Sega"
978;"Superman";1979;"Atari"
726;"Xenon";1979;"Bally"
803;"Mary Shelley's Frankenstein";1995;"Sega"
735;"NBA";2009;"Stern"
718;"Gilligan's Island";1991;"Bally"
714;"Cactus Canyon";1998;"Bally"
800;"Jet Spin";1977;"Gottlieb"
731;"Bad Cats";1989;"Williams"
821;"Aces and Kings";1970;"Williams"
795;"High Hand";1973;"Gottlieb"
790;"Dipsy Doodle";1970;"Williams"
746;"Rollergames";1990;"Williams"
643;"Attack From Mars";1995;"Bally"
861;"Beauty Contest";1960;"Bally"
863;"St. Moritz";1938;"Chicago Coin"
3175;"Sky Rider";1974;"Chicago Coin"
895;"Hyperball";1981;"Williams"
920;"Showboat (Bingo)";1952;"United"
921;"Triple Play (Bingo)";1955;"United"
936;"3-Ring Circus";1932;"Bally"
961;"Beach Time";1958;"Bally"
888;"Apollo 13";1995;"Sega"
960;"Swing Along";1963;"Gottlieb"
904;"Big Strike";1966;"Williams"
966;"Sorcerer";1985;"Williams"
953;"Waterworld";1995;"Gottlieb"
864;"Buccaneer";1976;"Gottlieb"
883;"Starship Troopers";1997;"Sega"
878;"Alien Poker";1980;"Williams"
943;"Gigi";1963;"Gottlieb"
974;"Hot Line";1966;"Williams"
870;"Genie";1979;"Gottlieb"
969;"BMX";1982;"Bally"
948;"Travel Time";1973;"Williams"
902;"Gorgar";1979;"Williams"
840;"Attila The Hun";1984;"Game Plan"
930;"WWF Royal Rumble";1994;"Data East"
891;"Hook";1992;"Data East"
852;"Galaxy";1980;"Stern"
890;"Fire!";1987;"Williams"
898;"Tee'd Off";1993;"Gottlieb"
859;"Big Deal";1977;"Williams"
839;"Gold Ball";1983;"Bally"
970;"Bus Stop";1964;"Bally"
905;"Maverick";1994;"Data East"
875;"Flash";1979;"Williams"
876;"Jungle Queen";1977;"Gottlieb"
915;"Big Guns";1987;"Williams"
951;"Frank Thomas' Big Hurt";1995;"Gottlieb"
842;"Laser War";1987;"Data East"
941;"Jungle";1972;"Gottlieb"
927;"Wagon Train";1960;"Gottlieb"
929;"Monaco";1977;"Segasa"
884;"Agents 777";1984;"Game Plan"
917;"Hollywood Heat";1986;"Gottlieb"
868;"Pro-Football";1973;"Gottlieb"
933;"Hardbody";1987;"Bally"
854;"Nitro Ground Shaker";1978;"Bally"
934;"Sittin Pretty";1958;"Gottlieb"
899;"Champ";1973;"Bally"
834;"Harlem Globetrotters On Tour";1978;"Bally"
971;"Freedom";1975;"Bally"
894;"Cybernaut";1985;"Bally"
849;"Banzai Run";1988;"Williams"
973;"Honey";1972;"Williams"
946;"Cinderella";1948;"Gottlieb"
967;"Supersonic";1979;"Bally"
893;"Torch";1980;"Gottlieb"
964;"Last Action Hero";1993;"Data East"
959;"Vector";1981;"Bally"
945;"Barnacle Bill";1948;"Gottlieb"
995;"Parlour Bagatelle";1898;"Montague Redgrave"
999;"Major League";1934;"Pamco"
1262;"Criterium 75";1975;"Recel"
1036;"Circus (Woodrail)";1957;"Bally"
1024;"Ice-Revue";1965;"Gottlieb"
1030;"Mibs";1969;"Gottlieb"
1375;"Pinball Pool";1979;"Gottlieb"
1014;"Derby Day";1956;"Gottlieb"
1199;"Grand Slam";1983;"Bally"
1004;"Wild West";1951;"Gottlieb"
1331;"Old Chicago";1975;"Bally"
1537;"Strange Science";1986;"Bally"
1015;"Easy Aces";1955;"Gottlieb"
1514;"Spot-a-Card";1960;"Gottlieb"
980;"Close Encounters of the Third Kind";1978;"Gottlieb"
1512;"Jungle King";1973;"Gottlieb"
1527;"Team One";1977;"Gottlieb"
1290;"Contact";1978;"Williams"
1443;"Joker Poker";1978;"Gottlieb"
1418;"Space Riders";1978;"Atari"
1372;"Flying Carpet";1972;"Gottlieb"
1325;"Gold Rush";1966;"Bally"
1131;"Tag-Team Pinball";1985;"Gottlieb"
1010;"Dragonette";1954;"Gottlieb"
1022;"Cover Girl";1962;"Gottlieb"
1282;"A-Go-Go";1966;"Williams"
1414;"Roller Disco";1980;"Gottlieb"
1005;"Crossroads";1952;"Gottlieb"
1268;"Playboy 35th Anniversary";1989;"Data East"
1038;"Volley";1976;"Gottlieb"
1482;"Gold Wings";1986;"Gottlieb"
1039;"Hit the Deck";1978;"Gottlieb"
1020;"Sweet Hearts";1963;"Gottlieb"
1240;"Gladiators";1993;"Gottlieb"
1017;"Foto Finish";1961;"Gottlieb"
1002;"Flying High";1953;"Gottlieb"
1353;"Raven";1986;"Gottlieb"
924;"Firepower";1980;"Williams"
1453;"Asteroid Annie and the Aliens";1980;"Gottlieb"
1033;"Astro";1971;"Gottlieb"
1011;"Classy Bowler";1956;"Gottlieb"
1299;"The Amazing Spider-Man";1980;"Gottlieb"
1008;"Daisy May";1954;"Gottlieb"
1043;"Lady Luck";1986;"Bally"
1027;"King of Diamonds";1967;"Gottlieb"
1300;"Lightning";1981;"Stern"
1025;"Central Park";1966;"Gottlieb"
1314;"Flying Turns";1964;"Midway"
1439;"Suspense";1969;"Williams"
1012;"Rocket Ship";1958;"Gottlieb"
1041;"Wild Card";1977;"Williams"
1429;"Cheetah";1980;"Stern"
1239;"Teenage Mutant Ninja Turtles";1991;"Data East"
1518;"Nip-It ";1972;"Bally"
1211;"Humpty Dumpty";1947;"Gottlieb"
1208;"Strikes-N-Spares";1995;"Gottlieb"
1172;"Rapid Fire";1982;"Bally"
1165;"The Mystery Six";1934;"Rube Gross"
1404;"Bally Rocket";1947;"Bally"
2030;"Big League Baseball";1954;"Williams"
1975;"Miami Beach";1955;"Bally"
1895;"Aloha";1961;"Gottlieb"
1885;"Vulcan";1977;"Gottlieb"
1078;"Bazaar";1966;"Bally"
1425;"Atlantis (EM)";1975;"Gottlieb"
1082;"Liberty Belle";1962;"Gottlieb"
1137;"Bugs Bunny's Birthday Ball";1991;"Bally"
1063;"Odds & Evens";1971;"Bally"
1175;"Silver Slugger";1990;"Gottlieb"
1886;"Black Belt";1986;"Bally"
1048;"Satin Doll";1975;"Williams"
1159;"Airborne";1996;"Capcom"
1058;"Solar Fire";1981;"Williams"
1050;"The Atarians";1976;"Atari"
1197;"Andromeda";1985;"Game Plan"
1967;"Carnival";1957;"Bally"
1064;"Big Show";1973;"Bally"
1920;"Fun-Fair";1958;"Genco"
2025;"Magic Castle";1984;"Zaccaria"
1158;"Hot Tip";1977;"Williams"
2008;"Bone Busters Inc";1989;"Gottlieb"
1462;"Mustang";1977;"Gottlieb"
1127;"Eight Ball Champ";1985;"Bally"
1226;"Quick Draw";1975;"Gottlieb"
1214;"San Francisco";1964;"Williams"
1186;"Monte Carlo (EM)";1972;"Bally"
1104;"Laser Cue";1984;"Williams"
1151;"Back to the Future";1990;"Data East"
1085;"Top Card";1974;"Gottlieb"
1918;"Joker's Wild";1977;"Sonic"
1083;"New World";1976;"Playmatic"
1059;"Black Hole";1981;"Gottlieb"
1056;"Laser Ball";1979;"Williams"
1881;"Punchy the Clown";1993;"Alvin G"
1123;"Twister";1996;"Sega"
1167;"Space Hawks";1986;"Nuova"
1097;"Disk Jockey";1952;"Williams"
1069;"Grand Lizard";1986;"Williams"
1912;"Bounty Hunter";1985;"Gottlieb"
652;"Batman: The Dark Knight";2008;"Stern"
1051;"Texan";1960;"Gottlieb"
1061;"Spring Break";1987;"Gottlieb"
1116;"Hot Shots";1989;"Gottlieb"
1218;"Monday Night Football";1989;"Data East"
986;"Grand Slam ('72)";1972;"Gottlieb"
1195;"Hercules";1979;"Atari"
1098;"Boston";1949;"Williams"
1940;"Maisie";1947;"Gottlieb"
1963;"Beach Queens";1960;"Bally"
1971;"Heavy Hitter";1948;"Bally"
1972;"Impacto";1975;"Recreativos Franco"
1977;"Orange County Choppers";2005;"Incredible Technologies"
1722;"Sky·Line";1965;"Gottlieb"
2200;"Bali";1974;"Bally"
1703;"Pennant Fever";1984;"Williams"
3160;"Eight Ball Deluxe (1984 Edition)";1984;"Bally"
1102;"Avatar (LE)";2010;"Stern"
1723;"Star Series";1949;"Williams"
2171;"Bank Shot";1976;"Gottlieb"
1973;"Kings & Queens";1965;"Gottlieb"
1833;"Fan-Tas-Tic";1972;"Williams"
1965;"Bowl-O";1969;"Bally"
2399;"Lucky Seven";1978;"Williams"
1980;"Skipper";1969;"Gottlieb"
1969;"Crescendo";1970;"Gottlieb"
1941;"Gondolier";1958;"Gottlieb"
764;"Iron Man";2010;"Stern"
1939;"El Toro";1963;"Williams"
2197;"Rock";1985;"Gottlieb"
1974;"Lawman";1971;"Gottlieb"
1997;"Stingray";1977;"Stern"
2404;"Kicker";1966;"Chicago Coin"
1937;"Sheriff";1971;"Gottlieb"
1957;"Granada";1972;"Williams"
1953;"Phoenix";1978;"Williams"
1924;"Galahad";1970;"Bally"
1985;"Vegas";1990;"Gottlieb"
1570;"Pinball (EM)";1977;"Stern"
1626;"Centaur II";1983;"Bally"
1044;"Lady Luck (EM)";1976;"Recel"
1986;"Safari";1966;"Bally"
2189;"4 Queens";1970;"Bally"
1832;"King Rock";1972;"Gottlieb"
1982;"Star-Jet";1963;"Bally"
1692;"Dragon";1978;"Gottlieb"
1995;"Ding Dong";1968;"Williams"
1970;"Football";1949;"Chicago Coin"
1966;"Canada Dry";1976;"Gottlieb"
2201;"Hi-Score Pool";1971;"Chicago Coin"
1979;"Q-Bert's Quest";1983;"Gottlieb"
1670;"Bally Hoo";1969;"Bally"
1685;"Fireball II";1980;"Bally"
1978;"The Pinball Circus";1995;"Williams"
1674;"Centigrade 37";1977;"Gottlieb"
1945;"Party Animal";1987;"Bally"
1948;"Victory";1987;"Gottlieb"
2033;"Ship Ahoy";1976;"Gottlieb"
1961;"Ace High";1957;"Gottlieb"
1673;"X's & O's";1984;"Bally"
1927;"Flip Flop";1974;"Bally"
2173;"The Avengers (Premium)";2012;"Stern"
2175;"Iron Man (Vault Edition)";2014;"Stern"
1329;"AC/DC (LE)";2012;"Stern"
1988;"Queen of Diamonds";1959;"Gottlieb"
1733;"Star Lite";1935;"Exhibit"
1740;"Batting Practice";1965;"Irving Kaye"
2216;"Mike Bossy The Scoring Machine";1982;"Game Plan"
1735;"Cover Girl";1947;"Kenney"
1790;"UltraPin";2006;"Global VR"
2041;"Trident";1979;"Stern"
2102;"1962 World Series";1962;"Williams"
2133;"Bill Paxton Pinball";2010;"Custom"
2144;"Base Hit";1967;"Williams"
2145;"Boomerang";1947;"Amusematic Corp."
798;"Galactic Girl";2010;"Custom"
1778;"Kickoff";1967;"Williams"
1731;"Voltan Escapes Cosmic Doom";1978;"Bally"
766;"Playboy";1978;"Bally"
1708;"Mini Cycle";1970;"Gottlieb"
1738;"Baseball";1970;"Gottlieb"
1705;"Duotron";1974;"Gottlieb"
2114;"Stampede";1977;"Stern"
955;"Bobby Orr's Power Play";1977;"Bally"
1737;"Big Hit";1977;"Gottlieb"
1781;"Full House";1966;"Williams"
2042;"Domino";1968;"Gottlieb"
2217;"Global Warfare";1981;"Game Plan"
1736;"Magic Town";1967;"Williams"
2120;"Supersonic";1977;"Zaccaria"
2056;"Lucky Ace";1974;"Williams"
2092;"Soccer Kings";1982;"Zaccaria"
2219;"Barracora";1981;"Williams"
1762;"Little Joe";1972;"Bally"
2116;"Secret Service";1988;"Data East"
2081;"Eye of the Tiger";1978;"Gottlieb"
1779;"Showtime";1974;"Chicago Coin"
2080;"Dodge City";1965;"Gottlieb"
2137;"Heavy Metal Meltdown";1987;"Bally"
1773;"Harley-Davidson";1991;"Bally"
2099;"Jungle Lord";1981;"Williams"
2218;"Pinball Lizard";1980;"Game Plan"
2055;"Ten-Up";1973;"Gottlieb"
2105;"Viper";1981;"Stern"
2093;"Algar";1980;"Williams"
3176;"Fireball II";1981;"Bell Games"
1797;"Argosy";1977;"Williams"
2162;"Liberty Bell";1977;"Williams"
2062;"Cosmic Gunfight";1982;"Williams"
1572;"Jubilee";1973;"Williams"
2110;"Crossword";1959;"Williams"
2103;"Batter Up";1970;"Gottlieb"
2077;"Quarterback";1975;"Bally"
2127;"Sky Kings";1974;"Bally"
2117;"Farfalla";1983;"Zaccaria"
1730;"Darling";1973;"Williams"
2153;"Paradise";1965;"Gottlieb"
1780;"Cow Poke";1965;"Gottlieb"
2069;"Super Jumbo";1954;"Gottlieb"
2165;"Star Trek (Pro)";2013;"Stern"
1734;"Dew-Wa-Ditty";1948;"Williams"
2228;"Ball Park";1968;"Williams"
2337;"Vemco Special";1934;"Vemco"
2274;"Fast Ball";1969;"Williams"
2317;"Kilroy";1947;"Chicago Coin"
2320;"Goin' Nuts";1983;"Gottlieb"
1602;"Miss Annabelle";1959;"Gottlieb"
2361;"Mini Golf";1964;"Williams"
2335;"Free Fall";1974;"Gottlieb"
2295;"Gridiron";1977;"Gottlieb"
2286;"Thunderball";1982;"Williams"
2330;"Beat the Clock";1985;"Bally"
1600;"Aladdin's Castle";1975;"Bally"
1601;"Happy Clown";1964;"Gottlieb"
2231;"Rancho";1977;"Williams"
2349;"Diamond Lady ";1988;"Gottlieb"
2323;"Flag-Ship";1957;"Gottlieb"
2356;"Lariat";1969;"Gottlieb"
2342;"World Series";1972;"Gottlieb"
1203;"Lord of the Rings (LE)";2009;"Stern"
2355;"Hawaiian Beauty";1954;"Gottlieb"
2220;"OXO";1973;"Williams"
2300;"King Kool";1972;"Gottlieb"
2314;"Blue Chip";1976;"Williams"
2336;"Hit 'N' Run";1952;"Gottlieb"
2304;"Force II";1981;"Gottlieb"
2339;"Flipper Pool";1965;"Gottlieb"
2290;"Big House";1989;"Gottlieb"
2299;"Magnotron";1974;"Gottlieb"
2287;"Defender";1982;"Williams"
2298;"Now";1971;"Gottlieb"
2505;"Home Run";1971;"Gottlieb"
2172;"Gold Strike";1975;"Gottlieb"
2329;"Black Knight (LE)";1981;"Williams"
2347;"Four Corners";1952;"Williams"
2344;"Lucky Hand";1971;"Gottlieb"
1589;"Little Chief";1975;"Williams"
1913;"Star Trek (Premium)";2013;"Stern"
2358;"Rocky";1982;"Gottlieb"
2283;"Kings of Steel";1984;"Bally"
2338;"Flipper Clown";1962;"Gottlieb"
2357;"Wing Ding";1964;"Williams"
2319;"Out of Sight";1974;"Gottlieb"
2311;"Star Trip";1979;"Game Plan"
2333;"Amazon Hunt";1983;"Gottlieb"
2341;"Pin-Up";1975;"Gottlieb"
2284;"Bronco";1977;"Gottlieb"
2312;"Star Pool";1974;"Williams"
1055;"Black Knight";1980;"Williams"
2054;"Harley-Davidson (2nd Edition)";2002;"Stern"
2340;"Card Trix";1970;"Gottlieb"
2354;"Subway";1966;"Gottlieb"
2066;"AC/DC (LUCI)";2013;"Stern"
2353;"Kiss";2015;"Stern"
2021;"Mustang (Pro)";2014;"Stern"
2104;"Mustang (LE) ";2014;"Stern"
2365;"Pinch-Hitter";1959;"Williams"
668;"Elvis";2004;"Stern"
2379;"Knock Out";1950;"Gottlieb"
2371;"Pro Pool";1973;"Gottlieb"
2369;"Dimension";1971;"Gottlieb"
2408;"Totem";1979;"Gottlieb"
2405;"Iron Maiden";1981;"Stern"
723;"PIN-BOT";1986;"Williams"
2376;"Big Star";1972;"Williams"
2364;"Tropic Isle";1962;"Gottlieb"
2363;"TKO";1979;"Gottlieb"
2677;"Spooksville";1972;"Allied Leisure"
1732;"Soccer";1964;"Williams"
2375;"Neptune";1978;"Gottlieb"
2383;"Klondike";1971;"Williams"
2367;"Doodle Bug";1971;"Williams"
2373;"Fire Queen";1977;"Gottlieb"
2360;"Pleasure Isle";1965;"Gottlieb"
1510;"Fun-Fair";1968;"Gottlieb"
2378;"Dancing Lady";1966;"Gottlieb"
2362;"Lightning Ball";1959;"Gottlieb"
737;"The Machine: Bride of Pin-Bot";1991;"Williams"
2429;"Kiss (Premium)";2015;"Stern"
3014;"Last Lap";1978;"Playmatic"
3132;"Elvis Gold";2004;"Stern"
3133;"Thoro-Bred";1965;"Gottlieb"
3177;"Star Action";1974;"Williams"
3136;"Big Chief";1965;"Williams"
2657;"Heavy Hitter";1959;"Bally"
2974;"Spider-Man (Home Edition)";2016;"Stern"
2486;"Big Ben";1954;"Williams"
2986;"Campus Queen";1966;"Bally"
2587;"Beat the Clock";1963;"Williams"
734;"Mata Hari (SS)";1978;"Bally"
2976;"Sharp Shooter II";1983;"Game Plan"
2779;"Firecracker";1970;"Bally"
2980;"Cabaret";1968;"Williams"
2619;"Space Shuttle";1980;"Zaccaria"
2973;"Deadly Weapon";1990;"Gottlieb"
2490;"Joust";1969;"Bally"
2492;"Freefall";1981;"Stern"
2484;"Volcano";1981;"Gottlieb"
2978;"Rock Encore";1986;"Gottlieb"
2489;"Daffie";1968;"Williams"
2984;"Gator";1969;"Bally"
2981;"Fashion Show";1962;"Gottlieb"
2985;"Quicksilver";1980;"Stern"
2979;"College Queens";1969;"Gottlieb"
2441;"Game of Thrones (Pro)";2015;"Stern"
2442;"Game of Thrones (LE)";2015;"Stern"
2776;"Cinema";1976;"Chicago Coin"
2527;"Game of Thrones (Premium)";2015;"Stern"
2971;"All Star Baseball";2017;"Valley-Dynamo"
2727;"Batman 66 (Premium)";2016;"Stern"
2726;"Pabst Can Crusher";2016;"Stern"
2982;"Screwy";1932;"Bally"
2892;"AC/DC (Premium Vault Edition)";2017;"Stern"
2830;"AC/DC (Pro Vault Edition)";2017;"Stern"
3141;"Olympics";1975;"Chicago Coin"
2983;"AC/DC (LUCI Vault Edition)";2017;"Stern"
2672;"Nudge-It";1990;"Gottlieb"
3142;"Cosmic Cart Racing";2019;"Multimorphic"
2823;"Laguna Beach";1960;"Bally"
2591;"Hit and Run Base-Ball";1970;"Williams"
2590;"TV-Baseball";1966;"Chicago Coin"
2595;"Wild Wheels";1965;"Bally"
2741;"Ship-Mates";1964;"Gottlieb"
2518;"Drop-a-Card";1971;"Gottlieb"
2517;"Double Barrel";1961;"Williams"
2519;"Kewpie Doll";1960;"Gottlieb"
2572;"The Hobbit Smaug Gold Special Edition";2016;"Jersey Jack"
2725;"Capersville";1966;"Bally"
2655;"Dixieland";1967;"Bally"
2592;"Zodiac";1971;"Williams"
2620;"House of Diamonds";1978;"Zaccaria"
2514;"The Addams Family Gold";1994;"Bally"
2510;"Friendship 7";1962;"Williams"
2513;"Robo-War";1988;"Gottlieb"
2663;"Night Rider (SS)";1976;"Bally"
2585;"Bon Voyage";1974;"Bally"
2543;"Disco '79";1979;"Allied Leisure"
2596;"Flicker";1974;"Bally"
2662;"Yukon";1971;"Williams"
2851;"Outer Space";1972;"Gottlieb"
2644;"James Bond 007";1980;"Gottlieb"
2675;"Fun-Fest";1973;"Williams"
2829;"World Challenge Soccer";1994;"Gottlieb"
2661;"Palace Guard";1968;"Gottlieb"
2584;"Pink Panther";1981;"Gottlieb"
2542;"Paul Bunyan";1968;"Gottlieb"
2574;"Six Sticks";1966;"Bally"
2721;"The Empire Strikes Back";1980;"Hankin"
2504;"Hoops";1991;"Gottlieb"
2524;"Royal Guard";1968;"Gottlieb"
2711;"Time 2000";1977;"Atari"
2515;"Apollo";1967;"Williams"
2658;"Wild Fyre";1978;"Stern"
2723;"The Entertainer";1977;"Fascination"
2748;"The Big Lebowski";2016;"Dutch"
2691;"Super-Flite";1974;"Williams"
2507;"Delta Queen";1973;"Bally"
2485;"Circus";1980;"Gottlieb"
2516;"Dancing Dolls";1960;"Gottlieb"
2747;"A.G. Football";1992;"Alvin G"
2652;"Motor Show";1989;"Mr. Game"
2544;"Spin Wheel";1968;"Gottlieb"
2597;"Time Fantasy";1983;"Williams"
2588;"Hurdy Gurdy";1966;"Gottlieb"
2651;"Caribbean Cruise";1989;"International Concepts"
2532;"Mustang (Premium)";2014;"Stern"
2569;"Ghostbusters (Pro)";2016;"Stern"
2533;"The Hobbit";2016;"Jersey Jack"
2520;"Pixies";1955;"United"
3134;"Hi-Diver";1959;"Gottlieb"
2735;"Line Drive";1972;"Williams"
2736;"Twin Joker";1972;"Bally"
2537;"Super Flipper";1975;"Chicago Coin"
2740;"Miss America";1947;"Gottlieb"
2729;"Batman 66 (Super LE)";2016;"Stern"
2796;"Vampire";1970;"Bally"
2853;"Robot";1985;"Zaccaria"
2600;"Title Fight";1990;"Gottlieb"
2601;"Touchdown";1984;"Gottlieb"
2594;"Kick Off";1975;"Bally"
2854;"Stock Car";1970;"Gottlieb"
2716;"Wild Wild West";1969;"Gottlieb"
3148;"Bo Bo";1961;"Williams"
3162;"X Force";1987;"Tecnoplay"
2602;"Big Indian";1974;"Gottlieb"
2733;"Grand Tour";1964;"Bally"
2634;"Trail Drive";1970;"Bally"
2757;"Jackpot";1971;"Williams"
2706;"Rack 'Em Up!";1983;"Gottlieb"
2737;"Hoe Down";1978;"Allied Leisure"
2629;"Gemini";1978;"Gottlieb"
2764;"Olympic Hockey";1972;"Williams"
2628;"Jungle Princess";1977;"Gottlieb"
2761;"A.G. Soccer-Ball";1991;"Alvin G"
2622;"Moulin Rouge";1965;"Williams"
2692;"Eros One";1979;"Fascination"
2621;"Time Machine";1983;"Zaccaria"
2603;"Super Spin";1977;"Gottlieb"
2598;"Airport";1969;"Gottlieb"
2625;"8 Ball";1966;"Williams"
2738;"Arabian Knights";1953;"Gottlieb"
2744;"Zip-A-Doo";1970;"Bally"
2593;"Palooka";1964;"Williams"
2623;"Casanova";1966;"Williams"
2752;"Alien Star";1984;"Gottlieb"
2679;"Twinky";1967;"Chicago Coin"
2713;"Star Gazer";1980;"Stern"
2734;"Royal Flush Deluxe";1983;"Gottlieb"
2689;"Time Line";1980;"Gottlieb"
2633;"On Beam";1968;"Bally"
2605;"Black Sheep Squadron";1979;"Astro Games"
2742;"Rondeevoo";1948;"United"
2606;"Shangri-La";1967;"Williams"
2609;"Jungle";1960;"Williams"
2630;"Masquerade";1966;"Gottlieb"
2795;"El Toro";1970;"Bally"
2571;"Ghostbusters (LE)";2016;"Stern"
2570;"Ghostbusters (Premium)";2016;"Stern"
2756;"Dialed In!";2017;"Jersey Jack"
2833;"Attack From Mars (Remake) (Special Edition)";2017;"Chicago Gaming"
2534;"The Hobbit (LE)";2016;"Jersey Jack"
2637;"Winner";1964;"Midway"
3138;"Willy Wonka & The Chocolate Factory";2019;"Jersey Jack"
2859;"1957 Baseball Deluxe";1957;"Williams"
3144;"The Hobbit (Gold Special Edition)";2016;"Jersey Jack"
2775;"Hitter's Rally";1990;"Seidel"
3140;"Willy Wonka & The Chocolate Factory (Collector's Edition)";2019;"Jersey Jack"
2807;"Bell Ringer";1990;"Gottlieb"
2808;"Video Pinball";1978;"Atari"
2882;"Trinidad";1948;"Chicago Coin"
2774;"Guys Dolls";1953;"Gottlieb"
2174;"The Wizard of Oz (75th Anniversary)";2013;"Jersey Jack"
1728;"The Wizard of Oz (Emerald City LE)";2013;"Jersey Jack"
2771;"Aerosmith (Pro)";2017;"Stern"
2306;"Medieval Madness (Remake)";2015;"Chicago Gaming"
2835;"Attack From Mars (Remake LE)";2017;"Chicago Gaming"
2857;"Carnival";1977;"Playmatic"
2604;"Gamatron";1985;"Pinstar"
3149;"The Wizard of Oz (Yellow Brick Road Edition)";2019;"Jersey Jack"
3157;"Gold Rush";1971;"Williams"
2888;"Swinger";1972;"Williams"
2770;"Derby Day";1967;"Williams"
2840;"Jacks Open";1977;"Gottlieb"
2842;"Circa 1933";1979;"Fascination"
2607;"Star Race";1980;"Gottlieb"
2636;"Rocket";1959;"Williams"
1457;"The Wizard of Oz";2013;"Jersey Jack"
2891;"Super Orbit";1983;"Gottlieb"
2856;"Around The World";1959;"Gottlieb"
2839;"Hot Hand";1979;"Stern"
2863;"Four Seasons";1968;"Gottlieb"
2887;"Mad World";1964;"Bally"
2864;"Hi-Score";1967;"Gottlieb"
2805;"Amigo";1973;"Bally"
2872;"Lexy Lightspeed: Escape from Earth";2017;"Multimorphic"
2865;"Queen of Hearts";1952;"Gottlieb"
2632;"Rocket III";1967;"Bally"
2881;"Captain Hook";1985;"Game Plan"
2886;"Arrow Head";1957;"Williams"
2893;"Speakeasy";1975;"Playmatic"
2417;"Full Throttle";2015;"Heighway Pinball"
2610;"Thunderbolt";1976;"Allied Leisure"
2870;"Wishing Well";1955;"Gottlieb"
2801;"Cue-T";1968;"Williams"
2837;"Memory Lane";1978;"Stern"
2635;"Sunshine";1958;"Gottlieb"
2277;"Wrestlemania";2015;"Stern"
2188;"Coronation";1962;"Gottlieb"
2310;"Wrestlemania (LE)";2015;"Stern"
2844;"Star Wars (Premium)";2017;"Stern"
2843;"Star Wars (Pro)";2017;"Stern"
2866;"Total Nuclear Annihilation";2017;"Spooky"
2806;"Alien (Pro)";2016;"Heighway"
2909;"Ballyhoo";1932;"Bally"
2898;"Zombie League All Stars";2017;"Valley-Dynamo"
2920;"The 4 Horsemen";1950;"Gottlieb"
2908;"Blondie";1956;"Chicago Coin"
2992;"Sapporo";1971;"Sega"
2759;"The Machine: Bride of Pin-Bot 2.0";2014;"Dutch"
3004;"Take Five";1978;"Allied Leisure"
2988;"King Pin";1962;"Williams"
2901;"Straight Flush";1970;"Williams"
3009;"Magic City";1967;"Williams"
2904;"Sound Stage";1976;"Chicago Coin"
3000;"Paddock";1969;"Williams"
2915;"Ski Club";1965;"Williams"
2989;"Camelot";1970;"Bally"
3008;"Spin-A-Card";1969;"Gottlieb"
2914;"Student Prince";1968;"Williams"
2987;"Skyrocket";1971;"Bally"
2905;"Cyclopes";1985;"Game Plan"
2907;"Super Nova";1980;"Game Plan"
2921;"Twenty Grand";1952;"Williams"
2970;"Punk!";1982;"Gottlieb"
2917;"Hi-Deal";1975;"Bally"
2994;"Mata Hari (EM)";1977;"Bally"
2965;"Silver";1957;"Gottlieb"
2922;"Lovely Lucy";1954;"Gottlieb"
2993;"Harvest";1964;"Bally"
2999;"Surfing";1972;"Sega"
2966;"Medieval Madness (Remake LE)";2015;"Chicago Gaming"
1399;"Silver Bullet";2012;"Custom"
2832;"Attack From Mars (Remake)";2017;"Chicago Gaming"
1987;"Galaxy Virtual Pinball";2013;"VP Cabs"
2799;"Magic Girl";2016;"Zidware"
2885;"Houdini: Master of Mystery";2017;"American"
1923;"Luther's Vendetta";2009;"Custom"
3146;"Airborne Avenger";1977;"Atari"
3151;"Eager Beaver";1965;"Williams"
3153;"A Place to Bury Strangers";2019;"Custom"
3182;"Af-Tor";1984;"Wico"
741;"Eight Ball Deluxe";1981;"Bally"
3180;"Elvira's House of Horrors (Signature)";2019;"Stern"
3220;"Spirit";1982;"Gottlieb"
3165;"Casino";1972;"Chicago Coin"
3237;"Rocket";1950;"Genco"
3236;"4 Star";1958;"Williams"
3166;"Cosmic Carnival";2019;"Suncoast"
3224;"Rick and Morty";2019;"Spooky"
3171;"Heads Up!";2019;"Multimorphic"
3172;"Pokerino";1978;"Williams"
3168;"Jurassic Park (LE)";2019;"Stern"
3167;"Jurassic Park (Pro)";2019;"Stern"
3228;"Stranger Things (LE)";2019;"Stern"
3027;"Dialed In! (Collector's Edition)";2017;"Jersey Jack"
3227;"Stranger Things (Premium)";2019;"Stern"
3029;"War";1978;"Viza"
3035;"Astronaut";1969;"Chicago Coin"
3030;"Snow Queen";1970;"Gottlieb"
1706;"Snow Derby";1970;"Gottlieb"
3031;"Big Casino";1961;"Gottlieb"
3226;"Stranger Things (Pro)";2019;"Stern"
3230;"Star Light";1984;"Williams"
3231;"Star Wars (Comic Art Pro)";2019;"Stern"
3233;"Bird Man";1978;"Sonic"
3032;"Black Velvet";1978;"Game Plan"
856;"Captain Fantastic and The Brown Dirt Cowboy";1975;"Bally"
784;"Fathom";1981;"Bally"
3234;"Metallica (LE)";2012;"Stern"
3026;"Triple X";1973;"Williams"
3238;"Buttons and Bows";1949;"Gottlieb"
3244;"Clown";1985;"Zaccaria"
3248;"Magic Circle";1965;"Bally"
3249;"Reserve";1961;"Williams"
3250;"Roto Pool";1958;"Gottlieb"
3251;"SlugFest";1952;"Williams"
3039;"Thunderbirds";2018;"Homepin"
2812;"The MoonWalking Dead";2014;"Stern"
2425;"FX Virtual Pinball LE";2015;"VP Cabs"
2419;"Captain Fantastic and The Brown Dirt Cowboy (Home Edition)";1977;"Bally"
2900;"Pirates of the Caribbean";2018;"Jersey Jack"
3022;"Deadpool (Pro)";2018;"Stern"
2923;"Iron Maiden: Legacy of the Beast (Pro)";2018;"Stern"
3074;"Hot Shot";1994;"Bally"
3024;"Deadpool (LE)";2018;"Stern"
3023;"Deadpool (Premium)";2018;"Stern"
3018;"Alice Cooper's Nightmare Castle";2018;"Spooky"
3013;"Star Trek (Premium Vault)";2018;"Stern"
3012;"Star Trek (Vault)";2018;"Stern"
3011;"Pirates of the Caribbean (LE)";2018;"Jersey Jack"
3010;"Alien (LE)";2017;"Heighway"
2975;"Supreme";2018;"Stern"
2925;"Iron Maiden: Legacy of the Beast (LE)";2018;"Stern"
2924;"Iron Maiden: Legacy of the Beast (Premium)";2018;"Stern"
2848;"The Jetsons";2017;"Spooky Pinball"
2777;"Domino's Spectacular Pinball Adventure";2016;"Spooky Pinball"
3075;"The Mafia";2018;"Team Pinball"
2265;"FX Virtual Pinball";2014;"VP Cabs"
3076;"Monster Bash (Remake)";2018;"Chicago Gaming"
3077;"Monster Bash (Remake Special)";2018;"Chicago Gaming"
3078;"Monster Bash (Remake LE)";2018;"Chicago Gaming"
3079;"Oktoberfest";2018;"American"
1345;"Visible Pinball (see-through Surf Champ)";2012;"Custom"
949;"Circus Chimera";1979;"Custom"
2242;"Pinball Action";1985;"Tehkan"
3155;"Mirrorball";2019;"Custom"
3139;"Willy Wonka & The Chocolate Factory (LE)";2019;"Jersey Jack"
1129;"TRON: Legacy (LE)";2011;"Stern"
1118;"TRON: Legacy";2011;"Stern"
3086;"Beatles";2018;"Stern"
3087;"Beatles (Diamond LE)";2018;"Stern"
3088;"Beatles (Platinum LE)";2018;"Stern"
3089;"Nautilus";1977;"Zaccaria"
3090;"Primus";2018;"Stern"
3091;"Nags";1960;"Williams"
886;"Super Mario Bros. Mushroom World";1992;"Gottlieb"
2083;"Eight Ball Deluxe (LE)";1982;"Bally"
3179;"Elvira's House of Horrors (Premium)";2019;"Stern"
3169;"Jurassic Park (Premium)";2019;"Stern"
3178;"Elvira's House of Horrors (LE)";2019;"Stern"
3239;"Star Wars (Home Edition)";2019;"Stern"
3240;"Boomerang";1974;"Bally"
3232;"Star Wars (Comic Art Premium)";2019;"Stern"
1552;"The Games";1984;"Gottlieb"
3105;"Pirates of the Caribbean (Collector’s Edition)";2018;"Jersey Jack"
3245;"Counterforce";1980;"Gottlieb"
3110;"Icarus";1977;"Recel"
3107;"Combat";1977;"Zaccaria"
3247;"Big Valley";1970;"Bally"
3101;"The Munsters (LE)";2019;"Stern"
3100;"The Munsters (Premium)";2019;"Stern"
3099;"The Munsters (Pro)";2019;"Stern"
3111;"Gay 90's";1970;"Williams"
3112;"Cannes";1976;"Segasa"
3117;"Predator";2013;"SKIT-B"
3120;"Shark";1982;"Taito"
3119;"Hawkman";1982;"Taito"
3121;"Vortex";1983;"Taito"
3125;"Expo";1969;"Williams"
